Case,BL_Speed,RD_Speed,rad,BL_Hdg,RD_Hdg,BL_Alt,RD_Alt,maxRange,minErrorTry
0,742,466,-6,0,67,9775,8311,18.984375,19.16015625
1,555,686,44,0,71,4850,6002,5.44921875,5.625
2,532,467,6,0,70,5674,4461,10.8984375,11.07421875
3,577,634,-55,0,35,2576,3522,8.4375,8.61328125
4,631,645,-7,0,-35,11362,10912,10.8984375,11.07421875
5,683,539,27,0,-25,11147,11108,13.88671875,14.0625
6,518,683,38,0,-58,7507,8495,15.29296875,15.46875
7,642,472,14,0,-178,4164,3188,26.71875,26.89453125
8,549,605,8,0,7,12953,12412,9.84375,10.01953125
9,610,731,-3,0,43,8004,6746,7.3828125,7.55859375
10,749,616,48,0,76,2866,2260,5.44921875,5.625
11,661,572,-56,0,-164,8440,8149,22.5,22.67578125
12,486,723,58,0,-139,2756,2806,24.78515625,24.9609375
13,740,641,56,0,127,2756,1694,8.26171875,8.4375
14,499,676,-39,0,-83,6016,6266,7.20703125,7.3828125
15,662,678,-29,0,168,4804,3867,30.5859375,30.76171875
16,717,541,50,0,-119,4678,5020,25.48828125,25.6640625
17,604,534,24,0,152,3159,2356,21.4453125,21.62109375
18,695,627,-19,0,42,3968,2464,6.85546875,7.03125
19,728,472,-18,0,-17,4279,3082,6.328125,6.50390625
20,584,679,-9,0,118,2896,2971,22.67578125,22.8515625
21,703,573,34,0,88,4755,5361,9.66796875,9.84375
22,697,705,-52,0,-95,8322,9559,11.953125,12.12890625
23,686,655,-43,0,35,9172,10043,13.359375,13.53515625
24,628,725,-11,0,70,11801,10956,20.0390625,20.21484375
25,674,724,-52,0,-155,6032,4887,18.80859375,18.984375
26,527,505,17,0,52,13403,13865,15.46875,15.64453125
27,521,684,50,0,43,12995,13523,8.7890625,8.96484375
28,678,625,32,0,-48,13226,14560,19.51171875,19.6875
29,684,666,-18,0,152,8818,9437,35.33203125,35.5078125
30,528,571,-19,0,136,843,2133,23.73046875,23.90625
31,550,744,46,0,141,8151,6729,19.16015625,19.3359375
32,509,601,-5,0,-54,12071,11732,14.0625,14.23828125
33,495,473,16,0,101,12867,11775,22.32421875,22.5
34,596,533,25,0,64,2618,2572,5.80078125,5.9765625
35,655,548,-16,0,-87,1610,2508,8.4375,8.61328125
36,549,668,-34,0,-131,11516,11255,24.78515625,24.9609375
37,687,717,32,0,36,7637,8833,5.9765625,6.15234375
38,734,556,-26,0,125,6273,5223,29.00390625,29.1796875
39,453,557,-6,0,132,6996,7036,25.83984375,26.015625
40,552,485,38,0,36,13364,12204,12.65625,12.83203125
41,478,628,-28,0,4,7789,8002,4.39453125,4.5703125
42,549,594,-1,0,175,5120,5670,29.53125,29.70703125
43,705,709,56,0,-46,6932,7216,15.1171875,15.29296875
44,624,628,32,0,-39,8210,8515,11.953125,12.12890625
45,694,695,-50,0,173,9148,10572,30.234375,30.41015625
46,637,657,56,0,-94,10182,10360,27.0703125,27.24609375
47,738,483,16,0,-24,571,1470,5.2734375,5.44921875
48,617,614,-51,0,23,10303,10310,11.77734375,11.953125
49,594,545,-30,0,-94,5345,4211,10.1953125,10.37109375
50,734,477,-32,0,111,12508,11286,31.46484375,31.640625
51,665,548,12,0,112,7501,8407,23.203125,23.37890625
52,458,650,-35,0,-7,9712,8969,4.74609375,4.921875
53,717,738,37,0,-13,1084,2253,-1.0,0.703125
54,746,475,-56,0,109,6299,6401,24.43359375,24.609375
55,616,537,38,0,-100,2227,3185,20.91796875,21.09375
56,626,534,-57,0,94,8678,8584,24.2578125,24.43359375
57,495,653,-4,0,115,6000,4720,23.02734375,23.203125
58,524,677,30,0,61,10295,10620,10.01953125,10.1953125
59,676,539,-15,0,36,5929,6693,9.140625,9.31640625
60,712,684,-11,0,-81,1893,2142,7.734375,7.91015625
61,528,471,59,0,-85,10790,11862,21.796875,21.97265625
62,547,741,-6,0,4,9464,9480,4.04296875,4.21875
63,475,476,-39,0,-21,3962,2640,-1.0,0.703125
64,746,540,-48,0,145,9553,9505,30.5859375,30.76171875
65,545,604,48,0,-159,6788,7713,26.89453125,27.0703125
66,669,489,-16,0,-81,8359,7501,15.8203125,15.99609375
67,536,657,43,0,59,13039,12859,11.25,11.42578125
68,469,538,46,0,-90,9829,11197,22.67578125,22.8515625
69,665,528,5,0,148,11721,11802,33.57421875,33.75
70,498,653,44,0,-120,4155,3068,26.54296875,26.71875
71,666,609,32,0,-32,9046,10182,12.12890625,12.3046875
72,500,626,46,0,87,10457,10879,12.12890625,12.3046875
73,575,722,-23,0,-174,11201,10324,35.5078125,35.68359375
74,647,567,-48,0,81,10740,11158,24.609375,24.78515625
75,501,745,55,0,24,9852,9220,4.5703125,4.74609375
76,597,631,-52,0,-84,10501,11263,12.12890625,12.3046875
77,721,463,-51,0,24,13595,12199,17.578125,17.75390625
78,458,670,-17,0,-89,12215,10885,18.10546875,18.28125
79,633,616,20,0,63,13202,12378,16.5234375,16.69921875
80,459,555,-44,0,-32,3606,3093,3.33984375,3.515625
81,576,647,18,0,99,9881,10796,19.6875,19.86328125
82,513,464,47,0,-152,11538,10742,27.59765625,27.7734375
83,513,647,-52,0,-173,11151,11404,26.19140625,26.3671875
84,543,665,55,0,-156,9342,8512,28.828125,29.00390625
85,477,642,14,0,55,7763,7614,7.55859375,7.734375
86,545,467,-9,0,141,7837,8315,27.59765625,27.7734375
87,636,486,-43,0,-45,4452,3649,5.9765625,6.15234375
88,496,685,-59,0,-102,4859,3656,5.44921875,5.625
89,718,607,-42,0,-127,9103,8072,20.21484375,20.390625
90,597,621,43,0,-179,9737,9276,29.70703125,29.8828125
91,714,668,52,0,80,2695,4091,5.44921875,5.625
92,480,478,17,0,-150,10893,10233,30.234375,30.41015625
93,724,457,-33,0,-105,5314,6621,14.4140625,14.58984375
94,664,527,49,0,-167,6433,7023,26.015625,26.19140625
95,509,694,-22,0,57,7901,7096,12.65625,12.83203125
96,522,464,-9,0,131,2827,3152,21.62109375,21.796875
97,541,623,4,0,162,7993,7102,31.81640625,31.9921875
98,472,700,15,0,19,3031,3430,1.93359375,2.109375
99,590,558,3,0,86,6094,7247,15.29296875,15.46875
100,738,734,-12,0,-104,10816,10588,27.0703125,27.24609375
101,612,516,-53,0,54,1177,2412,13.0078125,13.18359375
102,621,720,6,0,-156,6531,7505,33.57421875,33.75
103,672,563,24,0,64,9579,10766,13.53515625,13.7109375
104,496,502,-52,0,7,13547,13890,11.953125,12.12890625
105,669,609,-38,0,-116,12816,13873,23.90625,24.08203125
106,654,728,29,0,96,3458,4722,8.7890625,8.96484375
107,573,529,47,0,15,3878,4465,4.5703125,4.74609375
108,700,647,40,0,-83,1416,2084,18.6328125,18.80859375
109,529,725,-44,0,-144,11065,11163,24.609375,24.78515625
110,541,537,-14,0,16,10656,9983,9.84375,10.01953125
111,576,620,-22,0,121,4548,3658,25.83984375,26.015625
112,480,698,-7,0,2,5902,4398,-1.0,0.703125
113,616,600,4,0,177,9944,8616,35.15625,35.33203125
114,658,595,-2,0,-93,2196,2384,13.18359375,13.359375
115,669,497,-45,0,56,2951,1727,13.88671875,14.0625
116,643,722,-50,0,-177,8827,10270,28.65234375,28.828125
117,731,583,13,0,67,1696,1898,6.50390625,6.6796875
118,509,658,48,0,64,13660,13040,11.25,11.42578125
119,651,461,-4,0,54,10673,11476,17.05078125,17.2265625
120,702,664,-22,0,107,11066,10177,31.640625,31.81640625
121,680,535,-31,0,61,8488,9308,18.10546875,18.28125
122,689,656,-22,0,102,7646,8571,26.89453125,27.0703125
123,461,706,9,0,8,10640,12003,-1.0,0.703125
124,687,605,-37,0,-60,3958,3964,5.625,5.80078125
125,532,721,39,0,-167,9177,9966,31.81640625,31.9921875
126,466,479,-39,0,35,12782,12517,14.94140625,15.1171875
127,534,550,-57,0,-94,7954,7716,9.66796875,9.84375
128,632,582,-58,0,-101,4495,3142,6.6796875,6.85546875
129,522,572,-46,0,83,11995,12409,24.08203125,24.2578125
130,601,629,-20,0,102,7290,8624,24.9609375,25.13671875
131,618,600,-6,0,-152,2063,2514,24.78515625,24.9609375
132,634,698,32,0,43,8020,7958,6.328125,6.50390625
133,485,530,14,0,-83,9301,9094,20.0390625,20.21484375
134,597,551,-60,0,119,7343,8786,24.78515625,24.9609375
135,471,537,-40,0,67,6208,6296,16.171875,16.34765625
136,511,649,-29,0,-77,9716,8509,11.42578125,11.6015625
137,701,477,10,0,-49,8307,7122,14.0625,14.23828125
138,494,575,50,0,151,3162,2333,12.83203125,13.0078125
139,680,657,54,0,106,3429,4715,7.55859375,7.734375
140,666,567,-5,0,31,3417,2840,5.09765625,5.2734375
141,634,696,47,0,-114,12671,11959,32.51953125,32.6953125
142,742,476,33,0,170,8871,10220,29.35546875,29.53125
143,545,546,-50,0,21,10762,12037,11.6015625,11.77734375
144,726,451,17,0,77,4031,5335,11.25,11.42578125
145,740,617,-20,0,71,9845,10885,21.26953125,21.4453125
146,539,690,-29,0,12,6852,7225,4.21875,4.39453125
147,710,504,-7,0,128,8771,10225,29.70703125,29.8828125
148,497,576,-53,0,-125,12171,10914,18.45703125,18.6328125
149,588,576,-25,0,178,5885,5533,28.65234375,28.828125
150,723,638,44,0,-111,6049,6846,27.94921875,28.125
151,515,486,58,0,-173,12661,12981,24.43359375,24.609375
152,519,658,-30,0,63,7864,6611,15.64453125,15.8203125
153,537,490,-17,0,152,11061,10639,31.640625,31.81640625
154,529,479,-4,0,179,12365,12969,32.34375,32.51953125
155,471,477,-56,0,44,8994,9151,14.4140625,14.58984375
156,731,724,-21,0,128,9758,11024,35.33203125,35.5078125
157,634,599,15,0,-111,7913,9355,26.89453125,27.0703125
158,620,632,-52,0,-47,11858,11533,9.66796875,9.84375
159,628,736,-47,0,-51,10572,10590,8.26171875,8.4375
160,610,687,-6,0,27,3034,2634,3.33984375,3.515625
161,509,526,58,0,104,10420,9588,13.0078125,13.18359375
162,451,677,37,0,4,7351,6921,3.1640625,3.33984375
163,531,610,55,0,-84,11468,12562,23.90625,24.08203125
164,515,475,-54,0,119,3073,3866,21.4453125,21.62109375
165,724,731,-41,0,-150,9722,9407,28.65234375,28.828125
166,630,686,37,0,6,5347,4871,3.33984375,3.515625
167,486,551,23,0,1,1451,2576,-1.0,0.703125
168,486,738,-29,0,46,13125,13818,15.29296875,15.46875
169,571,743,19,0,-44,9392,10620,11.25,11.42578125
170,598,475,48,0,77,7353,8521,10.37109375,10.546875
171,623,689,16,0,176,1219,1226,27.59765625,27.7734375
172,621,694,2,0,-36,9096,9569,8.4375,8.61328125
173,450,641,-28,0,118,9837,10965,28.30078125,28.4765625
174,690,543,44,0,-63,6652,6915,17.9296875,18.10546875
175,614,590,-47,0,-6,2159,1007,-1.0,0.703125
176,504,581,-5,0,-60,3213,3923,6.15234375,6.328125
177,539,452,4,0,103,5011,6110,17.75390625,17.9296875
178,532,625,13,0,-82,10002,11429,21.26953125,21.4453125
179,512,535,-20,0,-176,5898,6319,27.0703125,27.24609375
180,546,679,-53,0,124,13039,13477,30.234375,30.41015625
181,740,518,-58,0,105,5132,5692,23.90625,24.08203125
182,541,716,15,0,-127,2771,3285,25.48828125,25.6640625
183,609,745,-22,0,-156,6702,5862,30.234375,30.41015625
184,671,658,17,0,111,10667,11759,26.015625,26.19140625
185,458,465,50,0,118,3002,4335,8.96484375,9.140625
186,591,657,-36,0,122,8674,9600,30.41015625,30.5859375
187,697,644,-30,0,-6,9153,8547,7.03125,7.20703125
188,634,744,48,0,118,896,1709,6.6796875,6.85546875
189,454,525,-59,0,-113,3654,3244,6.6796875,6.85546875
190,574,488,2,0,31,12269,10989,13.53515625,13.7109375
191,681,639,29,0,-179,10566,9915,34.8046875,34.98046875
192,540,743,44,0,-76,11633,11535,24.2578125,24.43359375
193,464,601,-41,0,85,13175,14127,24.08203125,24.2578125
194,700,646,-49,0,-116,8041,6834,14.4140625,14.58984375
195,604,543,3,0,63,5094,3794,8.96484375,9.140625
196,630,719,-6,0,-161,2126,3387,28.4765625,28.65234375
197,735,537,-44,0,-158,13320,12730,29.00390625,29.1796875
198,664,475,-51,0,-27,13287,11950,13.0078125,13.18359375
199,661,638,-18,0,83,10276,11248,24.2578125,24.43359375
200,601,647,-28,0,18,559,1313,-1.0,0.703125
201,727,450,-1,0,-64,9416,8178,17.2265625,17.40234375
202,642,726,29,0,1,4697,5915,-1.0,0.703125
203,729,468,-54,0,-13,9860,11050,11.42578125,11.6015625
204,688,609,-19,0,-93,2893,2780,9.66796875,9.84375
205,703,498,35,0,4,3933,3703,5.9765625,6.15234375
206,476,606,56,0,-177,8740,8382,24.609375,24.78515625
207,507,635,-54,0,-113,9706,8306,13.0078125,13.18359375
208,589,566,-15,0,94,603,1569,14.94140625,15.1171875
209,603,728,58,0,168,6517,7689,21.62109375,21.796875
210,728,650,19,0,49,5507,6944,7.03125,7.20703125
211,453,515,-23,0,-83,6068,5964,10.01953125,10.1953125
212,706,595,-7,0,176,1878,2199,28.4765625,28.65234375
213,523,565,-12,0,94,5711,6945,19.16015625,19.3359375
214,603,576,15,0,170,7464,6027,30.76171875,30.9375
215,483,567,-12,0,178,3748,2872,27.0703125,27.24609375
216,475,493,-14,0,10,2070,3298,-1.0,0.703125
217,570,484,11,0,163,7416,7925,28.30078125,28.4765625
218,583,507,-58,0,97,1975,1256,20.56640625,20.7421875
219,741,489,46,0,13,10890,10453,12.12890625,12.3046875
220,488,616,17,0,-122,5204,6604,24.78515625,24.9609375
221,569,573,-3,0,-115,8208,9386,24.78515625,24.9609375
222,615,600,-35,0,41,1189,1444,6.328125,6.50390625
223,514,672,-28,0,-108,12642,12611,21.796875,21.97265625
224,522,739,32,0,-34,11189,11997,11.42578125,11.6015625
225,711,733,-9,0,-76,8364,8493,14.765625,14.94140625
226,499,582,-54,0,-99,6750,7434,9.140625,9.31640625
227,500,523,6,0,-66,4791,4176,10.01953125,10.1953125
228,507,481,43,0,-151,11694,11888,28.125,28.30078125
229,654,706,29,0,-164,12853,14293,36.38671875,36.5625
230,666,610,-24,0,44,10374,11060,15.1171875,15.29296875
231,670,460,17,0,-69,2966,4170,12.83203125,13.0078125
232,556,486,-56,0,134,2669,3637,21.26953125,21.4453125
233,589,614,-28,0,88,10101,9988,24.78515625,24.9609375
234,475,729,-43,0,115,3710,3802,26.71875,26.89453125
235,578,698,-6,0,112,6757,7998,25.3125,25.48828125
236,675,633,-7,0,-15,9500,8904,7.55859375,7.734375
237,612,725,-10,0,-159,674,1996,26.015625,26.19140625
238,698,687,-39,0,-161,7654,7120,28.4765625,28.65234375
239,467,693,15,0,-93,1554,1015,14.23828125,14.4140625
240,503,727,34,0,151,12949,12076,29.00390625,29.1796875
241,725,559,17,0,10,10306,9440,10.1953125,10.37109375
242,474,714,-1,0,-57,2616,3991,-1.0,0.703125
243,688,486,38,0,151,4303,4808,20.56640625,20.7421875
244,501,479,-38,0,152,13012,14253,28.65234375,28.828125
245,537,518,18,0,-60,1572,1946,8.0859375,8.26171875
246,470,509,42,0,-132,1509,2851,22.1484375,22.32421875
247,481,501,1,0,45,1572,2484,4.74609375,4.921875
248,748,557,35,0,-126,3590,2520,27.0703125,27.24609375
249,745,640,-39,0,91,4807,4579,23.5546875,23.73046875
250,546,706,9,0,-74,7442,6738,14.58984375,14.765625
251,723,678,45,0,59,9850,10564,10.1953125,10.37109375
252,603,678,38,0,-180,5946,4433,28.4765625,28.65234375
253,583,719,-28,0,-127,10296,10441,25.6640625,25.83984375
254,660,604,-5,0,-141,5177,4314,27.24609375,27.421875
255,626,522,50,0,-123,1386,1401,23.02734375,23.203125
256,587,544,-30,0,-158,5918,5435,24.609375,24.78515625
257,671,653,6,0,-148,12217,13589,36.5625,36.73828125
258,584,625,45,0,23,4382,5512,-1.0,0.703125
259,454,599,50,0,-64,5273,4740,15.64453125,15.8203125
260,459,555,47,0,-91,3415,1926,20.21484375,20.390625
261,511,584,-27,0,60,2137,2050,8.96484375,9.140625
262,492,749,24,0,102,11864,11991,20.21484375,20.390625
263,615,503,-10,0,29,7259,7460,9.140625,9.31640625
264,474,632,-18,0,-179,8534,9471,31.11328125,31.2890625
265,503,672,9,0,114,8689,7368,23.5546875,23.73046875
266,673,511,3,0,112,2892,2952,18.45703125,18.6328125
267,489,584,-46,0,-109,11766,13183,17.578125,17.75390625
268,586,629,-22,0,129,9021,8492,31.46484375,31.640625
269,498,671,-6,0,-9,12664,12014,7.55859375,7.734375
270,644,484,18,0,41,2227,1196,5.09765625,5.2734375
271,687,699,-19,0,-9,13286,12347,10.01953125,10.1953125
272,743,470,-58,0,91,11618,12061,25.6640625,25.83984375
273,583,673,34,0,-47,2741,1759,7.20703125,7.3828125
274,650,602,40,0,-149,9668,9644,32.16796875,32.34375
275,743,685,9,0,11,8081,6619,5.625,5.80078125
276,740,601,-41,0,79,13453,14653,27.24609375,27.421875
277,586,539,17,0,-76,8597,9609,19.51171875,19.6875
278,517,487,-35,0,-133,7987,7809,19.51171875,19.6875
279,614,674,-17,0,-118,6302,7664,22.1484375,22.32421875
280,532,498,27,0,95,849,1467,7.20703125,7.3828125
281,738,583,-49,0,6,10181,11114,11.07421875,11.25
282,606,741,-14,0,-111,12955,13309,27.421875,27.59765625
283,493,601,32,0,-45,7852,8096,11.77734375,11.953125
284,483,496,5,0,3,8332,8616,7.03125,7.20703125
285,631,657,50,0,150,2869,2871,13.359375,13.53515625
286,567,472,44,0,-69,6540,5162,17.9296875,18.10546875
287,738,499,-54,0,-75,10008,9870,13.0078125,13.18359375
288,701,659,48,0,-174,7852,8053,29.53125,29.70703125
289,455,489,36,0,-37,6475,5064,10.01953125,10.1953125
290,566,669,-5,0,-85,8854,9740,17.40234375,17.578125
291,466,712,-36,0,-5,13635,13799,6.85546875,7.03125
292,654,727,0,0,-87,8796,7584,18.984375,19.16015625
293,495,504,-55,0,-66,12147,12993,11.6015625,11.77734375
294,450,478,37,0,30,5493,6306,5.2734375,5.44921875
295,590,684,57,0,134,11224,11802,20.0390625,20.21484375
296,620,743,39,0,-148,12660,13324,35.33203125,35.5078125
297,537,612,1,0,151,7683,8009,30.41015625,30.5859375
298,667,648,18,0,46,4152,4518,5.09765625,5.2734375
299,592,733,-41,0,-109,2486,1088,6.50390625,6.6796875
300,630,574,-55,0,-174,2796,3816,18.984375,19.16015625
301,496,654,-47,0,51,3123,4047,10.8984375,11.07421875
302,729,535,-29,0,164,6593,6441,30.41015625,30.5859375
303,488,729,-7,0,-119,3648,4950,20.21484375,20.390625
304,694,642,55,0,127,10173,10697,18.984375,19.16015625
305,632,687,50,0,83,7399,8295,8.7890625,8.96484375
306,621,703,48,0,139,5757,5619,15.64453125,15.8203125
307,731,629,59,0,99,10669,9413,13.7109375,13.88671875
308,561,521,45,0,-29,2479,1272,7.3828125,7.55859375
309,609,617,-51,0,43,2545,2879,10.1953125,10.37109375
310,644,709,6,0,106,1332,1511,13.53515625,13.7109375
311,700,570,36,0,-100,9222,7934,27.94921875,28.125
312,531,570,-7,0,165,11807,11921,33.92578125,34.1015625
313,652,579,-41,0,51,5335,5639,13.53515625,13.7109375
314,658,474,-10,0,162,1042,1069,24.9609375,25.13671875
315,485,494,-57,0,26,7381,8098,10.37109375,10.546875
316,492,544,-10,0,-170,11343,11387,31.9921875,32.16796875
317,713,535,40,0,45,2682,3996,-1.0,0.703125
318,613,675,16,0,-124,8215,6793,30.76171875,30.9375
319,654,638,0,0,89,7807,8148,18.984375,19.16015625
320,470,576,7,0,-134,7583,6629,27.24609375,27.421875
321,551,690,52,0,48,3229,2925,2.98828125,3.1640625
322,607,700,-26,0,140,8466,8208,33.75,33.92578125
323,534,588,-53,0,34,5575,4353,10.01953125,10.1953125
324,607,662,48,0,-124,7563,6491,29.70703125,29.8828125
325,573,626,-32,0,95,1401,2175,19.16015625,19.3359375
326,731,683,-47,0,168,5533,4815,28.828125,29.00390625
327,710,599,-44,0,107,13521,13143,31.640625,31.81640625
328,483,548,56,0,2,13192,12894,9.84375,10.01953125
329,716,663,-34,0,-28,1056,1271,2.8125,2.98828125
330,742,715,22,0,115,3651,3727,14.58984375,14.765625
331,459,455,-37,0,-12,4715,5264,5.2734375,5.44921875
332,468,497,5,0,-178,7003,7102,28.125,28.30078125
333,462,469,-53,0,-138,1938,1774,9.31640625,9.4921875
334,727,591,0,0,93,9632,10307,24.609375,24.78515625
335,484,587,-7,0,23,2325,3278,2.98828125,3.1640625
336,722,724,-38,0,-113,13360,14677,24.78515625,24.9609375
337,537,530,12,0,-113,10274,10347,27.0703125,27.24609375
338,505,702,50,0,-15,5354,4209,-1.0,0.703125
339,745,644,20,0,-62,6289,6084,14.58984375,14.765625
340,741,482,-29,0,-120,9666,10598,23.37890625,23.5546875
341,716,713,-14,0,78,11642,12127,24.9609375,25.13671875
342,456,705,29,0,-57,11278,12236,16.5234375,16.69921875
343,573,669,16,0,-2,4009,4055,2.63671875,2.8125
344,712,549,30,0,87,6608,6957,12.65625,12.83203125
345,480,727,0,0,108,10374,11675,25.48828125,25.6640625
346,687,748,24,0,-52,4692,3596,8.7890625,8.96484375
347,716,599,35,0,14,7329,7775,6.6796875,6.85546875
348,696,681,37,0,179,7302,5876,31.11328125,31.2890625
349,576,589,39,0,-92,11420,10888,26.71875,26.89453125
350,666,512,-8,0,125,8781,9832,28.828125,29.00390625
351,677,625,45,0,167,6143,6431,25.3125,25.48828125
352,477,608,-46,0,25,13652,12452,12.65625,12.83203125
353,599,569,1,0,-77,6060,5223,13.359375,13.53515625
354,682,613,54,0,-11,10848,10455,11.07421875,11.25
355,644,502,-59,0,-16,4776,5156,6.328125,6.50390625
356,633,687,-53,0,135,10443,11649,30.76171875,30.9375
357,532,608,-28,0,22,11010,9540,10.01953125,10.1953125
358,598,606,-57,0,175,9420,10331,26.015625,26.19140625
359,678,716,-49,0,12,5934,6847,5.625,5.80078125
360,681,725,3,0,-83,2934,2072,10.546875,10.72265625
361,527,691,-42,0,123,5662,5932,28.30078125,28.4765625
362,562,632,54,0,-123,1707,2467,24.2578125,24.43359375
363,467,677,-35,0,-43,10647,11472,7.3828125,7.55859375
364,656,691,-49,0,-88,10632,9801,12.65625,12.83203125
365,660,680,-27,0,-9,3312,4148,2.8125,2.98828125
366,637,604,51,0,-127,9736,8804,30.05859375,30.234375
367,733,668,55,0,-30,5353,6250,10.37109375,10.546875
368,490,632,22,0,-79,3130,3574,14.23828125,14.4140625
369,475,676,5,0,117,12287,10929,27.7734375,27.94921875
370,710,721,55,0,-101,13708,15116,30.5859375,30.76171875
371,633,600,40,0,-167,6740,7153,29.00390625,29.1796875
372,539,657,-25,0,6,2373,2053,2.109375,2.28515625
373,481,496,36,0,-160,10765,11744,28.4765625,28.65234375
374,624,536,32,0,144,4670,4505,20.91796875,21.09375
375,472,492,-7,0,174,6230,7057,27.24609375,27.421875
376,665,741,10,0,174,11881,12499,39.0234375,39.19921875
377,583,545,52,0,93,2578,4066,6.15234375,6.328125
378,640,617,-31,0,127,9279,8891,31.81640625,31.9921875
379,694,498,36,0,145,10348,9532,26.89453125,27.0703125
380,626,742,-24,0,71,7447,7048,18.6328125,18.80859375
381,458,646,-24,0,165,11233,12399,32.51953125,32.6953125
382,655,745,34,0,-8,13136,14005,9.66796875,9.84375
383,488,748,-11,0,-8,3070,4462,-1.0,0.703125
384,476,548,26,0,137,3637,3447,17.9296875,18.10546875
385,738,617,51,0,23,6234,6507,5.9765625,6.15234375
386,507,488,41,0,-120,12723,13579,27.59765625,27.7734375
387,635,549,23,0,101,12977,13886,23.73046875,23.90625
388,707,709,8,0,-170,3155,2390,32.16796875,32.34375
389,715,621,-6,0,116,12291,11962,32.6953125,32.87109375
390,662,580,-47,0,55,3002,2960,13.53515625,13.7109375
391,500,633,29,0,6,6810,6359,3.69140625,3.8671875
392,612,726,-33,0,-173,7412,8538,30.9375,31.11328125
393,538,577,-47,0,-15,9900,10211,7.3828125,7.55859375
394,667,460,3,0,-43,11739,11983,16.69921875,16.875
395,723,633,7,0,134,11452,12210,33.57421875,33.75
396,714,624,58,0,100,11699,11203,15.46875,15.64453125
397,555,468,-44,0,-103,7883,8653,13.88671875,14.0625
398,513,497,14,0,-34,7934,8326,9.84375,10.01953125
399,570,459,14,0,145,11701,12687,29.1796875,29.35546875
400,657,717,-14,0,76,313,1650,8.96484375,9.140625
401,485,580,17,0,-56,2217,2171,6.6796875,6.85546875
402,530,570,30,0,54,12909,13062,13.0078125,13.18359375
403,459,505,49,0,-156,10863,10614,26.71875,26.89453125
404,611,718,57,0,172,11466,12163,26.54296875,26.71875
405,476,486,4,0,-8,6715,7092,5.9765625,6.15234375
406,563,595,54,0,56,8837,9192,7.734375,7.91015625
407,476,637,-4,0,102,8279,9259,22.32421875,22.5
408,549,738,-51,0,27,2705,4170,-1.0,0.703125
409,528,606,-8,0,122,12750,11510,30.9375,31.11328125
410,701,505,23,0,179,7941,8046,30.9375,31.11328125
411,462,535,36,0,76,9076,9306,10.8984375,11.07421875
412,544,705,-31,0,159,10232,9743,34.453125,34.62890625
413,687,591,-35,0,-48,6213,6924,6.85546875,7.03125
414,566,638,8,0,-138,11585,10593,33.92578125,34.1015625
415,564,703,19,0,-168,7091,6450,33.3984375,33.57421875
416,744,663,23,0,-94,1838,2038,19.51171875,19.6875
417,565,655,-50,0,-53,3540,3585,3.69140625,3.8671875
418,689,568,57,0,-154,8528,9088,27.59765625,27.7734375
419,685,539,-38,0,-128,12182,12690,25.3125,25.48828125
420,553,538,56,0,94,13507,13081,15.29296875,15.46875
421,507,543,7,0,-28,10406,11254,10.1953125,10.37109375
422,630,707,-46,0,-99,12152,10836,16.34765625,16.5234375
423,560,521,33,0,-110,8642,8205,26.3671875,26.54296875
424,565,650,50,0,33,8023,9012,5.625,5.80078125
425,615,521,47,0,72,6192,7435,8.4375,8.61328125
426,639,474,-60,0,129,3996,2962,22.1484375,22.32421875
427,470,735,19,0,-65,6525,7004,12.3046875,12.48046875
428,599,715,-6,0,-171,2240,1997,29.70703125,29.8828125
429,569,674,-50,0,-74,1302,2656,-1.0,0.703125
430,588,454,-53,0,45,7763,7015,14.94140625,15.1171875
431,553,553,-59,0,-147,3344,3819,11.42578125,11.6015625
432,708,727,-22,0,-40,13233,11982,12.12890625,12.3046875
433,570,479,-43,0,-176,2095,3563,19.3359375,19.51171875
434,643,705,37,0,14,5620,5225,3.515625,3.69140625
435,743,731,-52,0,-139,3713,2649,11.42578125,11.6015625
436,650,716,31,0,1,9670,8386,5.80078125,5.9765625
437,631,721,28,0,15,7439,7735,4.04296875,4.21875
438,546,520,48,0,-71,10232,11596,20.56640625,20.7421875
439,514,504,43,0,44,5851,6460,5.9765625,6.15234375
440,640,487,-60,0,32,8159,9225,13.53515625,13.7109375
441,660,580,8,0,179,12462,11814,37.08984375,37.265625
442,739,625,12,0,55,2344,2583,5.625,5.80078125
443,649,480,17,0,-174,13103,13093,34.27734375,34.453125
444,653,534,-59,0,-113,9637,8958,14.58984375,14.765625
445,609,537,-5,0,-128,12051,13134,30.05859375,30.234375
446,632,488,8,0,75,5434,5403,12.12890625,12.3046875
447,552,498,-2,0,53,7518,8455,11.6015625,11.77734375
448,540,652,-25,0,130,9193,9326,31.2890625,31.46484375
449,578,649,-40,0,148,4947,4722,28.4765625,28.65234375
450,503,508,-29,0,76,11135,10468,21.4453125,21.62109375
451,538,570,-39,0,-100,1590,1874,6.328125,6.50390625
452,617,658,31,0,-23,8456,9290,8.4375,8.61328125
453,690,680,17,0,-109,12315,12277,32.6953125,32.87109375
454,521,743,-57,0,46,8722,9198,14.765625,14.94140625
455,583,670,-23,0,130,12455,13476,33.92578125,34.1015625
456,525,588,34,0,81,9044,10562,12.48046875,12.65625
457,467,453,-39,0,-37,11108,12630,10.546875,10.72265625
458,470,653,-43,0,-143,1986,1707,11.25,11.42578125
459,550,548,45,0,105,5909,5356,10.1953125,10.37109375
460,729,656,17,0,163,3682,3987,28.65234375,28.828125
461,619,574,-54,0,43,7800,6807,14.4140625,14.58984375
462,627,625,-26,0,-90,11418,10644,18.28125,18.45703125
463,681,628,12,0,124,13388,14679,30.76171875,30.9375
464,501,635,-41,0,-43,5337,4365,3.8671875,4.04296875
465,507,708,-6,0,107,8280,7877,24.78515625,24.9609375
466,698,647,-14,0,91,3984,4034,19.16015625,19.3359375
467,485,460,56,0,-59,12407,11911,19.3359375,19.51171875
468,486,586,17,0,-49,10210,9116,13.18359375,13.359375
469,546,499,53,0,-82,3280,4399,18.28125,18.45703125
470,663,484,-20,0,-91,11982,11791,21.62109375,21.796875
471,749,736,45,0,-66,4258,4127,18.10546875,18.28125
472,654,708,-17,0,-58,12940,13577,15.46875,15.64453125
473,535,590,9,0,-177,4795,3628,29.00390625,29.1796875
474,637,454,4,0,51,13062,11968,18.10546875,18.28125
475,488,724,38,0,3,6960,6397,-1.0,0.703125
476,667,584,45,0,53,1427,2313,3.8671875,4.04296875
477,539,697,-9,0,64,6248,7475,11.07421875,11.25
478,747,567,2,0,77,2357,3799,10.1953125,10.37109375
479,643,453,-41,0,-99,4070,3615,9.84375,10.01953125
480,742,585,-58,0,173,12054,12765,28.125,28.30078125
481,563,619,-6,0,-98,10551,9824,23.203125,23.37890625
482,478,475,-44,0,-169,7045,6958,22.5,22.67578125
483,454,616,6,0,56,5856,5832,6.85546875,7.03125
484,506,518,23,0,-36,12615,12713,14.765625,14.94140625
485,649,702,28,0,-98,12485,11726,30.76171875,30.9375
486,507,590,6,0,67,11495,12774,16.171875,16.34765625
487,568,514,36,0,35,6881,6355,6.6796875,6.85546875
488,460,503,7,0,-85,5372,4185,14.94140625,15.1171875
489,573,720,58,0,153,2882,3318,11.77734375,11.953125
490,727,481,-17,0,60,11062,9710,20.0390625,20.21484375
491,698,665,-36,0,-178,4885,4152,28.30078125,28.4765625
492,588,710,49,0,65,6123,6642,5.625,5.80078125
493,565,665,-32,0,-139,3623,4582,19.3359375,19.51171875
494,545,747,47,0,123,9629,10067,17.578125,17.75390625
495,534,655,-55,0,-180,1532,2782,18.45703125,18.6328125
496,652,590,-49,0,-46,2670,4178,-1.0,0.703125
497,720,727,48,0,172,5763,5064,26.3671875,26.54296875
498,532,712,-38,0,98,9727,10414,27.421875,27.59765625
499,652,703,1,0,160,4200,4273,31.11328125,31.2890625
500,622,452,-43,0,-51,4287,4285,6.6796875,6.85546875
501,588,525,-39,0,-140,8958,7878,21.796875,21.97265625
502,482,740,-1,0,-174,6384,6579,32.87109375,33.046875
503,657,744,37,0,-95,6822,7469,26.3671875,26.54296875
504,472,608,-29,0,-159,4064,4207,22.67578125,22.8515625
505,710,461,11,0,-121,8073,7400,27.7734375,27.94921875
506,706,555,-18,0,113,6228,6028,26.19140625,26.3671875
507,563,616,5,0,-135,13065,14110,32.87109375,33.046875
508,507,675,-53,0,-44,13401,12962,8.61328125,8.7890625
509,636,730,16,0,-71,7441,8905,16.69921875,16.875
510,625,481,-50,0,-104,2730,2730,7.734375,7.91015625
511,725,540,4,0,0,2699,2855,4.39453125,4.5703125
512,554,478,-33,0,-26,11417,10142,10.8984375,11.07421875
513,690,662,37,0,-93,2600,1249,21.796875,21.97265625
514,555,535,36,0,-115,4152,5420,23.73046875,23.90625
515,732,723,32,0,137,5985,4917,23.37890625,23.5546875
516,670,599,-27,0,4,13103,12111,12.12890625,12.3046875
517,688,620,21,0,171,2058,2294,26.015625,26.19140625
518,730,585,-31,0,38,10430,11754,15.64453125,15.8203125
519,745,722,11,0,-57,10701,9887,16.69921875,16.875
520,627,608,-44,0,38,9955,8979,14.23828125,14.4140625
521,470,687,15,0,66,8432,8394,9.4921875,9.66796875
522,636,615,29,0,-20,5886,7306,6.328125,6.50390625
523,461,580,-19,0,38,7208,6494,7.91015625,8.0859375
524,699,549,32,0,126,11120,12404,25.48828125,25.6640625
525,468,546,-24,0,-67,7761,6673,8.96484375,9.140625
526,487,734,22,0,28,5598,6393,2.98828125,3.1640625
527,742,623,57,0,145,13005,14118,25.6640625,25.83984375
528,644,452,-43,0,146,825,1999,21.62109375,21.796875
529,670,522,48,0,-130,6339,5105,26.89453125,27.0703125
530,541,548,54,0,-119,3946,2755,24.08203125,24.2578125
531,470,693,17,0,-164,10303,10685,34.1015625,34.27734375
532,723,692,30,0,74,7825,8706,11.25,11.42578125
533,696,595,3,0,-158,12731,11837,37.79296875,37.96875
534,722,725,-50,0,108,11394,10673,32.6953125,32.87109375
535,599,464,-59,0,158,7184,6062,23.37890625,23.5546875
536,564,732,29,0,-165,12742,12067,36.38671875,36.5625
537,500,700,32,0,-103,822,1114,20.91796875,21.09375
538,605,603,54,0,88,8313,7934,9.84375,10.01953125
539,602,665,42,0,-43,3993,3227,8.96484375,9.140625
540,490,658,-27,0,115,5353,4180,25.48828125,25.6640625
541,501,679,10,0,-172,12132,10714,36.38671875,36.5625
542,568,723,-5,0,-155,3675,3456,28.828125,29.00390625
543,473,731,48,0,99,12591,11524,14.23828125,14.4140625
544,473,587,12,0,-97,9037,10133,22.5,22.67578125
545,632,559,37,0,132,5184,4810,16.34765625,16.5234375
546,522,711,58,0,-78,12155,11323,24.609375,24.78515625
547,518,616,-14,0,-106,8658,9553,21.09375,21.26953125
548,470,582,46,0,45,12622,13131,9.66796875,9.84375
549,544,646,9,0,-130,2486,3067,23.90625,24.08203125
550,478,483,18,0,-27,7953,9136,9.140625,9.31640625
551,558,588,-5,0,-128,7459,6262,25.83984375,26.015625
552,494,586,-22,0,-50,5335,6344,5.625,5.80078125
553,731,694,6,0,33,8340,7917,7.55859375,7.734375
554,665,544,1,0,143,2563,3800,24.2578125,24.43359375
555,662,569,16,0,13,8247,9291,7.55859375,7.734375
556,605,661,7,0,167,3749,3992,29.35546875,29.53125
557,637,713,-1,0,130,12554,13792,34.1015625,34.27734375
558,703,459,2,0,25,9512,8936,12.3046875,12.48046875
559,624,564,-36,0,40,12250,13378,16.69921875,16.875
560,582,597,53,0,177,10044,9786,26.3671875,26.54296875
561,535,705,-34,0,43,5990,5803,8.96484375,9.140625
562,513,503,47,0,-72,13433,13927,21.97265625,22.1484375
563,527,672,-57,0,71,11284,10745,22.32421875,22.5
564,557,721,28,0,-4,13642,12808,8.4375,8.61328125
565,531,550,42,0,-109,661,1765,21.09375,21.26953125
566,534,743,-2,0,95,2316,2300,12.83203125,13.0078125
567,733,558,-23,0,61,7975,8681,17.40234375,17.578125
568,740,708,57,0,81,4505,4160,5.625,5.80078125
569,609,500,-29,0,-49,7505,7578,8.96484375,9.140625
570,479,746,22,0,135,8868,7604,26.19140625,26.3671875
571,658,523,53,0,24,5979,4575,6.328125,6.50390625
572,625,542,47,0,-130,5837,5640,26.3671875,26.54296875
573,475,526,10,0,34,4542,3866,4.74609375,4.921875
574,598,514,16,0,-62,10247,10039,17.75390625,17.9296875
575,490,492,-34,0,128,8432,7056,26.89453125,27.0703125
576,655,625,-23,0,63,3464,3799,11.25,11.42578125
577,648,674,-8,0,131,12618,13832,34.62890625,34.8046875
578,742,666,-36,0,128,11838,13265,34.98046875,35.15625
579,549,574,-41,0,-61,7186,6432,7.03125,7.20703125
580,653,664,39,0,121,11598,10931,22.5,22.67578125
581,691,542,-18,0,159,10788,9606,35.15625,35.33203125
582,635,621,-49,0,-177,2439,3626,21.09375,21.26953125
583,740,705,-52,0,-159,13079,11943,29.8828125,30.05859375
584,476,732,-39,0,-133,7841,7689,18.6328125,18.80859375
585,634,651,-11,0,-155,7731,8402,31.81640625,31.9921875
586,574,460,-36,0,-159,2121,2893,18.10546875,18.28125
587,719,742,-34,0,-12,7092,7257,4.39453125,4.5703125
588,600,629,-42,0,86,2563,2677,19.6875,19.86328125
589,730,710,-29,0,65,5235,3942,15.1171875,15.29296875
590,642,606,-19,0,-47,3883,3708,5.09765625,5.2734375
591,492,517,-1,0,-17,7159,8347,6.15234375,6.328125
592,600,665,13,0,149,13306,12962,34.27734375,34.453125
593,712,637,50,0,169,6478,6589,25.13671875,25.3125
594,475,609,34,0,57,6743,7877,6.328125,6.50390625
595,551,507,32,0,-105,1786,2889,20.21484375,20.390625
596,515,497,54,0,133,10208,10857,18.45703125,18.6328125
597,686,497,53,0,-177,3014,3700,20.390625,20.56640625
598,694,589,-26,0,-91,9422,8493,16.875,17.05078125
599,637,493,-11,0,47,2671,4186,7.734375,7.91015625
600,482,648,31,0,-143,7347,8017,29.8828125,30.05859375
601,741,616,-6,0,-112,11242,11955,29.70703125,29.8828125
602,671,660,30,0,-153,9128,7742,34.98046875,35.15625
603,456,566,-38,0,89,6433,5762,20.7421875,20.91796875
604,497,711,46,0,145,12877,13567,25.6640625,25.83984375
605,572,503,-44,0,-155,9368,10166,24.08203125,24.2578125
606,603,612,-47,0,-112,3753,4664,8.96484375,9.140625
607,643,617,-45,0,78,3750,4644,18.984375,19.16015625
608,615,716,-45,0,124,729,1238,26.54296875,26.71875
609,515,646,-34,0,-22,3067,2187,-1.0,0.703125
610,737,558,-37,0,160,4022,2555,27.24609375,27.421875
611,622,620,-34,0,-35,6861,7175,5.80078125,5.9765625
612,707,589,-36,0,156,5650,4362,29.70703125,29.8828125
613,513,528,53,0,-78,13084,13503,22.67578125,22.8515625
614,629,516,-22,0,-112,11966,11228,24.2578125,24.43359375
615,672,527,12,0,32,6076,5747,7.20703125,7.3828125
616,495,699,54,0,85,7644,6808,6.6796875,6.85546875
617,719,505,-26,0,-67,12756,12647,18.45703125,18.6328125
618,546,746,-45,0,99,9295,8074,28.4765625,28.65234375
619,535,598,52,0,-165,5323,6600,24.43359375,24.609375
620,654,641,-45,0,-171,6542,7177,26.3671875,26.54296875
621,710,677,44,0,-13,13117,12338,12.3046875,12.48046875
622,464,468,-42,0,28,3988,2815,8.0859375,8.26171875
623,722,679,-6,0,140,2999,3825,28.125,28.30078125
624,592,600,18,0,-179,7850,6413,31.9921875,32.16796875
625,697,584,-58,0,-8,4726,4695,5.625,5.80078125
626,582,497,-17,0,-110,9574,8812,21.26953125,21.4453125
627,497,553,6,0,152,3910,3545,24.609375,24.78515625
628,612,635,-59,0,-22,2181,3703,-1.0,0.703125
629,583,452,35,0,-63,13179,12825,21.796875,21.97265625
630,573,487,20,0,-63,8962,8345,16.875,17.05078125
631,704,671,-35,0,26,12159,11945,13.7109375,13.88671875
632,691,557,-21,0,-147,2927,2041,22.1484375,22.32421875
633,576,503,49,0,58,9390,10265,10.01953125,10.1953125
634,578,580,-31,0,2,11001,9963,8.96484375,9.140625
635,683,729,-36,0,-21,9159,8466,5.625,5.80078125
636,605,463,50,0,-151,3577,2605,22.1484375,22.32421875
637,686,654,26,0,144,6244,5182,25.83984375,26.015625
638,663,597,38,0,31,11912,12985,10.8984375,11.07421875
639,588,450,18,0,-31,4513,5603,8.26171875,8.4375
640,717,604,-27,0,-96,2651,4048,9.4921875,9.66796875
641,698,694,53,0,43,12281,12024,9.84375,10.01953125
642,660,521,45,0,54,9739,8223,10.37109375,10.546875
643,616,628,-28,0,91,11602,11165,27.24609375,27.421875
644,600,522,-28,0,84,1800,1734,16.171875,16.34765625
645,708,719,-22,0,-106,9098,10589,21.26953125,21.4453125
646,636,665,57,0,100,10178,11117,13.53515625,13.7109375
647,567,749,59,0,7,12568,13795,6.85546875,7.03125
648,583,612,-45,0,7,8614,9068,7.55859375,7.734375
649,680,714,8,0,61,5385,5025,7.734375,7.91015625
650,716,693,46,0,-51,1707,1385,10.546875,10.72265625
651,575,556,38,0,-40,2288,1018,7.3828125,7.55859375
652,596,696,1,0,91,437,1106,8.96484375,9.140625
653,740,576,-17,0,-37,6414,7803,7.734375,7.91015625
654,493,545,32,0,-12,5357,4156,-1.0,0.703125
655,587,486,-40,0,-4,9247,8577,9.31640625,9.4921875
656,749,662,-13,0,-65,9060,8981,13.7109375,13.88671875
657,686,476,16,0,176,4377,5466,26.71875,26.89453125
658,657,473,-7,0,-18,1232,2589,-1.0,0.703125
659,636,612,57,0,-137,12185,11460,30.05859375,30.234375
660,569,661,-7,0,-134,10705,10349,31.11328125,31.2890625
661,605,466,17,0,43,3724,4599,6.50390625,6.6796875
662,683,565,15,0,-79,12941,11434,25.48828125,25.6640625
663,746,556,-1,0,129,5398,6328,26.71875,26.89453125
664,727,745,31,0,57,2015,2429,4.04296875,4.21875
665,583,542,-32,0,64,9383,9538,18.45703125,18.6328125
666,576,741,33,0,51,6928,6455,5.09765625,5.2734375
667,696,458,-59,0,-34,5068,4995,7.20703125,7.3828125
668,730,652,0,0,119,1957,1713,20.91796875,21.09375
669,521,623,0,0,174,2915,2930,28.30078125,28.4765625
670,541,499,-54,0,-5,12331,12276,10.72265625,10.8984375
671,475,641,32,0,89,10587,10183,14.0625,14.23828125
672,601,694,44,0,110,11770,11104,18.45703125,18.6328125
673,718,517,-56,0,48,7926,7660,16.69921875,16.875
674,624,480,45,0,-147,1875,2196,22.5,22.67578125
675,649,466,16,0,91,2557,2707,10.72265625,10.8984375
676,730,710,10,0,97,4685,5577,15.1171875,15.29296875
677,546,576,-47,0,-176,2835,2217,20.0390625,20.21484375
678,648,670,18,0,31,6346,6766,5.09765625,5.2734375
679,454,638,50,0,-3,8619,7989,5.44921875,5.625
680,531,728,-12,0,142,9398,10876,33.3984375,33.57421875
681,547,512,-49,0,-131,7390,6288,15.46875,15.64453125
682,615,735,21,0,88,5719,5475,10.1953125,10.37109375
683,703,519,-58,0,87,9475,9936,24.2578125,24.43359375
684,545,524,-44,0,85,8761,8686,22.32421875,22.5
685,475,650,-43,0,-119,3387,4023,8.96484375,9.140625
686,659,557,-45,0,45,8937,8161,15.64453125,15.8203125
687,720,644,-8,0,97,4675,4092,20.390625,20.56640625
688,591,512,-56,0,-162,9540,8257,21.97265625,22.1484375
689,559,680,-22,0,164,1267,1467,28.125,28.30078125
690,738,591,-18,0,5,12089,13319,12.48046875,12.65625
691,473,678,-53,0,124,13610,12200,30.234375,30.41015625
692,715,680,-25,0,115,8852,9984,31.640625,31.81640625
693,617,638,-3,0,87,6578,6804,17.05078125,17.2265625
694,643,617,57,0,4,8225,7405,7.20703125,7.3828125
695,564,660,39,0,-136,8890,10303,30.9375,31.11328125
696,664,558,-26,0,-152,1083,1106,19.51171875,19.6875
697,744,455,-60,0,14,742,1920,8.0859375,8.26171875
698,560,577,48,0,-75,661,1820,16.171875,16.34765625
699,491,712,4,0,60,7641,7830,8.7890625,8.96484375
700,647,600,-29,0,71,3552,3997,15.46875,15.64453125
701,593,486,-39,0,-150,2029,3155,16.5234375,16.69921875
702,664,618,49,0,109,8724,9133,14.94140625,15.1171875
703,671,624,-17,0,-47,3848,4658,5.44921875,5.625
704,518,615,1,0,166,13369,12370,35.5078125,35.68359375
705,695,697,-9,0,-173,10081,10348,37.79296875,37.96875
706,673,465,46,0,127,6367,6416,15.8203125,15.99609375
707,580,617,5,0,-26,4517,5198,4.39453125,4.5703125
708,627,646,-5,0,-179,13032,13263,37.79296875,37.96875
709,606,487,24,0,-80,5966,6633,18.6328125,18.80859375
710,575,534,48,0,70,11594,12585,12.83203125,13.0078125
711,602,510,17,0,-180,2725,2629,25.48828125,25.6640625
712,605,701,-55,0,-128,9706,9964,17.40234375,17.578125
713,737,615,20,0,-144,11727,12895,36.5625,36.73828125
714,529,607,16,0,138,8139,7066,26.54296875,26.71875
715,633,591,-47,0,130,3125,2743,25.83984375,26.015625
716,672,566,-36,0,82,8331,7210,23.203125,23.37890625
717,575,719,43,0,178,1908,2697,23.02734375,23.203125
718,602,538,-26,0,-67,3655,3545,6.50390625,6.6796875
719,717,719,-55,0,44,1344,1318,10.01953125,10.1953125
720,661,698,4,0,56,2747,4205,5.80078125,5.9765625
721,686,480,5,0,-48,9259,9615,14.765625,14.94140625
722,600,610,27,0,-65,5471,6646,14.58984375,14.765625
723,548,547,-7,0,15,2401,2170,3.33984375,3.515625
724,533,560,23,0,-119,11787,11701,30.05859375,30.234375
725,741,505,18,0,8,4899,5250,6.50390625,6.6796875
726,562,559,-42,0,-137,2146,1135,11.07421875,11.25
727,616,698,-8,0,-62,9018,10128,12.3046875,12.48046875
728,592,646,41,0,68,8421,9398,9.140625,9.31640625
729,629,596,-11,0,146,4176,4577,28.125,28.30078125
730,706,515,20,0,-72,5638,5886,16.5234375,16.69921875
731,590,476,57,0,168,12905,12544,25.83984375,26.015625
732,488,668,24,0,107,10203,9142,18.80859375,18.984375
733,547,469,-42,0,-14,11002,9786,10.1953125,10.37109375
734,472,513,-17,0,33,4323,5658,6.15234375,6.328125
735,529,582,-19,0,21,5865,5113,5.2734375,5.44921875
736,708,456,-57,0,-70,5132,6619,8.4375,8.61328125
737,594,667,-11,0,7,11977,13166,8.61328125,8.7890625
738,457,637,52,0,170,6601,7640,22.5,22.67578125
739,496,684,56,0,-35,6230,6114,10.01953125,10.1953125
740,648,482,-10,0,138,11773,10945,32.6953125,32.87109375
741,558,471,0,0,-44,12477,13760,15.8203125,15.99609375
742,561,649,-33,0,112,11175,11605,30.234375,30.41015625
743,695,513,31,0,-49,7884,9097,15.46875,15.64453125
744,659,570,13,0,-49,12449,13478,17.9296875,18.10546875
745,486,587,18,0,-32,4519,4050,5.09765625,5.2734375
746,701,646,-51,0,-157,9021,8945,24.2578125,24.43359375
747,721,677,-40,0,77,10691,10386,25.6640625,25.83984375
748,596,738,-27,0,97,7498,8491,25.83984375,26.015625
749,736,589,50,0,-139,12006,12375,31.81640625,31.9921875
750,586,718,29,0,68,3714,2361,-1.0,0.703125
751,504,721,39,0,-155,4128,4435,28.30078125,28.4765625
752,602,707,38,0,172,1916,1873,23.02734375,23.203125
753,663,470,29,0,-66,2289,2819,13.359375,13.53515625
754,634,557,57,0,-129,2815,3466,23.203125,23.37890625
755,598,472,-35,0,177,11503,12732,29.35546875,29.53125
756,736,576,49,0,-32,7343,7699,12.65625,12.83203125
757,662,488,-9,0,94,5349,5892,19.6875,19.86328125
758,556,572,26,0,109,1990,3039,9.84375,10.01953125
759,601,629,14,0,79,4660,5369,9.4921875,9.66796875
760,576,597,59,0,56,8419,7675,7.03125,7.20703125
761,496,455,-24,0,139,2977,2168,23.5546875,23.73046875
762,450,545,0,0,47,7416,7853,8.4375,8.61328125
763,463,680,-27,0,-53,3888,3971,3.8671875,4.04296875
764,653,561,-37,0,-62,1942,1345,4.5703125,4.74609375
765,613,466,10,0,-61,9891,9792,17.2265625,17.40234375
766,708,621,-38,0,-39,6392,7667,6.328125,6.50390625
767,573,523,50,0,178,5249,5533,22.1484375,22.32421875
768,671,462,-22,0,57,413,1493,9.4921875,9.66796875
769,586,514,-7,0,157,9041,8651,31.46484375,31.640625
770,525,662,24,0,-8,1603,2423,-1.0,0.703125
771,688,629,-56,0,172,13148,12545,29.35546875,29.53125
772,463,642,44,0,29,7162,8437,-1.0,0.703125
773,537,522,26,0,155,6073,7376,24.43359375,24.609375
774,479,538,4,0,1,4467,4061,3.69140625,3.8671875
775,745,667,-27,0,-149,3472,2664,23.73046875,23.90625
776,450,634,-27,0,97,13564,13506,26.71875,26.89453125
777,606,455,3,0,174,11705,12163,32.87109375,33.046875
778,577,498,-58,0,149,968,1837,19.16015625,19.3359375
779,482,493,2,0,140,12761,13402,29.53125,29.70703125
780,627,571,32,0,123,3777,2853,13.18359375,13.359375
781,453,552,58,0,37,2155,2361,2.98828125,3.1640625
782,749,599,-60,0,37,11437,10831,17.2265625,17.40234375
783,521,649,-60,0,74,5443,6132,19.51171875,19.6875
784,731,610,17,0,35,1563,2034,3.8671875,4.04296875
785,452,600,36,0,-92,2852,3424,18.80859375,18.984375
786,706,523,42,0,-42,2725,1915,10.546875,10.72265625
787,683,503,-45,0,4,1670,1059,5.2734375,5.44921875
788,523,581,34,0,51,3260,4656,-1.0,0.703125
789,699,706,51,0,-95,8200,6913,28.125,28.30078125
790,560,716,22,0,78,8101,6612,10.01953125,10.1953125
791,480,498,-38,0,-126,8940,8439,18.45703125,18.6328125
792,569,578,59,0,155,4550,3581,13.53515625,13.7109375
793,683,514,43,0,-128,13375,13450,31.46484375,31.640625
794,512,698,37,0,143,3244,3693,17.75390625,17.9296875
795,745,463,-15,0,37,2582,3350,8.0859375,8.26171875
796,703,622,54,0,79,13324,14384,15.29296875,15.46875
797,722,745,21,0,-55,11937,11144,18.6328125,18.80859375
798,732,713,-13,0,162,5217,4492,34.1015625,34.27734375
799,516,591,54,0,-5,7478,8880,6.50390625,6.6796875
800,450,510,-24,0,-153,12323,11308,27.94921875,28.125
801,527,593,-54,0,-169,6271,5869,21.4453125,21.62109375
802,459,484,55,0,25,8340,9005,7.03125,7.20703125
803,656,572,13,0,28,10897,10379,10.72265625,10.8984375
804,712,487,-59,0,113,7507,7342,25.13671875,25.3125
805,458,626,-48,0,-36,11893,12010,7.734375,7.91015625
806,548,489,-47,0,-124,4656,3693,11.42578125,11.6015625
807,630,658,-41,0,67,5570,5624,17.75390625,17.9296875
808,631,566,23,0,-11,3528,3577,4.39453125,4.5703125
809,738,476,42,0,100,4227,4790,10.72265625,10.8984375
810,649,729,31,0,-113,13494,13689,34.27734375,34.453125
811,476,481,0,0,-72,4766,4695,10.546875,10.72265625
812,673,452,-56,0,-52,960,1625,4.921875,5.09765625
813,543,460,-25,0,-18,9666,10271,9.66796875,9.84375
814,705,612,26,0,32,11334,11087,10.8984375,11.07421875
815,484,656,-20,0,-124,7619,8049,22.5,22.67578125
816,532,565,9,0,4,12553,12845,10.1953125,10.37109375
817,688,491,36,0,-129,10754,12141,30.5859375,30.76171875
818,741,546,-54,0,-12,4323,4648,5.9765625,6.15234375
819,473,545,52,0,-14,9853,11081,9.31640625,9.4921875
820,705,729,31,0,-42,12491,11115,16.69921875,16.875
821,678,588,-3,0,-175,11636,11138,37.08984375,37.265625
822,617,737,15,0,162,5030,3804,30.5859375,30.76171875
823,698,588,43,0,51,4826,4487,5.625,5.80078125
824,659,703,-5,0,56,13470,14176,18.28125,18.45703125
825,536,625,31,0,3,8565,10060,-1.0,0.703125
826,535,527,18,0,-76,6236,6950,16.69921875,16.875
827,737,500,20,0,-166,9538,9078,33.75,33.92578125
828,670,614,-14,0,21,10900,9949,10.72265625,10.8984375
829,715,600,-6,0,74,13369,13050,23.90625,24.08203125
830,596,682,-44,0,-54,8324,6915,6.328125,6.50390625
831,484,700,-23,0,-28,3818,4411,-1.0,0.703125
832,728,717,30,0,-50,3280,3093,8.7890625,8.96484375
833,726,562,51,0,23,12119,12769,11.6015625,11.77734375
834,681,549,-21,0,-104,5120,4773,14.58984375,14.765625
835,627,522,40,0,-86,7655,7693,22.5,22.67578125
836,617,734,1,0,101,12866,13631,27.59765625,27.7734375
837,712,744,-5,0,-6,10390,10496,6.50390625,6.6796875
838,598,621,-14,0,156,13245,14640,35.5078125,35.68359375
839,618,559,-28,0,84,9336,9239,23.37890625,23.5546875
840,620,601,-22,0,-121,6644,7021,21.62109375,21.796875
841,621,651,28,0,-9,12319,13698,10.1953125,10.37109375
842,587,493,-17,0,-1,11830,10709,11.6015625,11.77734375
843,507,506,-14,0,-131,1316,1657,16.69921875,16.875
844,595,722,41,0,-12,3721,3215,2.98828125,3.1640625
845,642,698,-23,0,-29,6244,6407,4.39453125,4.5703125
846,558,611,18,0,-52,6367,4954,9.84375,10.01953125
847,748,686,4,0,-153,2994,4460,30.05859375,30.234375
848,630,526,27,0,90,11375,11364,18.984375,19.16015625
849,693,474,-42,0,13,9923,9379,12.65625,12.83203125
850,493,704,-16,0,113,9668,9043,28.4765625,28.65234375
851,465,500,-37,0,-160,1454,1410,16.69921875,16.875
852,651,671,-59,0,60,4950,5547,17.05078125,17.2265625
853,533,625,56,0,173,3372,4270,18.984375,19.16015625
854,656,455,41,0,-104,1130,1710,20.390625,20.56640625
855,538,638,33,0,163,11195,10437,30.05859375,30.234375
856,473,525,-13,0,-51,3496,3180,5.09765625,5.2734375
857,491,550,-3,0,147,12156,12705,31.46484375,31.640625
858,686,607,-26,0,-168,11019,11071,33.75,33.92578125
859,457,586,59,0,-68,2296,1913,15.99609375,16.171875
860,641,650,-33,0,4,12803,11713,10.37109375,10.546875
861,656,711,40,0,143,13178,12767,27.94921875,28.125
862,532,657,33,0,-153,3693,3117,28.125,28.30078125
863,670,486,19,0,137,5020,4203,22.5,22.67578125
864,481,577,-17,0,170,6636,6692,29.1796875,29.35546875
865,456,492,-9,0,97,4491,3774,16.875,17.05078125
866,646,472,-11,0,23,8209,9476,10.72265625,10.8984375
867,545,717,57,0,103,11308,12607,14.0625,14.23828125
868,536,555,-47,0,-89,3340,4671,6.50390625,6.6796875
869,527,530,-55,0,-48,2323,3170,3.8671875,4.04296875
870,482,621,59,0,114,4634,5301,7.55859375,7.734375
871,587,476,34,0,-23,5417,4977,8.61328125,8.7890625
872,627,742,-46,0,73,5413,4695,20.0390625,20.21484375
873,454,584,6,0,69,3137,3806,6.6796875,6.85546875
874,725,512,56,0,-111,12079,13485,27.7734375,27.94921875
875,588,508,30,0,65,8816,7905,11.25,11.42578125
876,550,621,46,0,164,8714,9320,25.48828125,25.6640625
877,480,744,11,0,-17,10939,11433,5.625,5.80078125
878,553,679,-30,0,-44,3549,2445,-1.0,0.703125
879,573,469,37,0,-67,5089,4050,15.8203125,15.99609375
880,542,485,-14,0,86,11371,10660,23.203125,23.37890625
881,473,479,22,0,7,3727,2214,-1.0,0.703125
882,744,568,0,0,54,3948,3879,8.0859375,8.26171875
883,693,697,-2,0,94,7693,7669,22.5,22.67578125
884,735,615,23,0,-117,7873,7566,30.234375,30.41015625
885,552,689,-28,0,87,4046,2576,18.984375,19.16015625
886,647,588,12,0,82,2144,1269,7.91015625,8.0859375
887,721,458,-1,0,-31,1317,2257,5.80078125,5.9765625
888,486,511,35,0,115,13073,12826,21.62109375,21.796875
889,747,713,22,0,-128,10053,11104,35.68359375,35.859375
890,639,619,56,0,114,6045,6108,10.37109375,10.546875
891,521,609,42,0,71,7101,6330,7.03125,7.20703125
892,501,744,-21,0,-153,11997,10778,32.51953125,32.6953125
893,541,663,-5,0,-130,4123,3643,23.37890625,23.5546875
894,716,479,-22,0,136,8161,8907,30.234375,30.41015625
895,692,526,36,0,21,1814,3102,-1.0,0.703125
896,625,607,48,0,-49,790,1339,10.1953125,10.37109375
897,633,639,-1,0,-116,8559,9313,27.24609375,27.421875
898,524,744,-3,0,-23,3935,3944,2.4609375,2.63671875
899,693,703,1,0,-170,5960,5300,34.453125,34.62890625
900,711,659,-32,0,59,3787,2693,12.3046875,12.48046875
901,744,693,-15,0,129,7773,8393,33.046875,33.22265625
902,733,475,33,0,-48,4232,4390,12.48046875,12.65625
903,635,700,22,0,-163,3853,2612,31.11328125,31.2890625
904,551,551,-32,0,20,9967,8516,10.1953125,10.37109375
905,642,551,24,0,-91,7064,7402,22.67578125,22.8515625
906,527,591,18,0,14,7926,8014,5.2734375,5.44921875
907,709,725,-6,0,-80,10617,10872,19.6875,19.86328125
908,564,512,25,0,-177,7681,7310,29.00390625,29.1796875
909,511,467,-38,0,11,2873,1722,5.625,5.80078125
910,651,691,15,0,99,9465,9222,20.21484375,20.390625
911,733,516,11,0,-107,9910,9159,28.4765625,28.65234375
912,707,647,-50,0,-11,10270,11560,8.4375,8.61328125
913,710,647,37,0,-59,6283,6529,16.171875,16.34765625
914,451,730,-57,0,149,4096,3149,25.3125,25.48828125
915,731,642,-36,0,-38,8940,9728,8.61328125,8.7890625
916,539,548,41,0,-14,11871,12587,11.25,11.42578125
917,693,618,39,0,-156,7999,8816,31.640625,31.81640625
918,542,647,53,0,-130,3498,2564,25.83984375,26.015625
919,517,734,57,0,36,5806,5574,3.1640625,3.33984375
920,598,462,19,0,59,8169,6844,11.42578125,11.6015625
921,592,663,6,0,-84,9842,10152,20.390625,20.56640625
922,726,451,-22,0,-27,5716,6350,8.4375,8.61328125
923,462,519,51,0,32,3263,3734,3.69140625,3.8671875
924,453,607,-42,0,-2,9281,8410,5.625,5.80078125
925,505,596,43,0,-154,2879,2441,24.43359375,24.609375
926,742,538,6,0,111,4553,5570,21.09375,21.26953125
927,542,487,-11,0,-179,4427,2991,26.3671875,26.54296875
928,589,712,11,0,-37,9350,9662,8.96484375,9.140625
929,711,456,-28,0,115,6068,4804,25.6640625,25.83984375
930,741,592,7,0,84,2529,1752,9.84375,10.01953125
931,682,596,-22,0,68,3175,1976,11.953125,12.12890625
932,513,577,34,0,92,12187,13354,17.578125,17.75390625
933,660,636,-37,0,-97,12774,13206,20.0390625,20.21484375
934,635,602,29,0,-178,3581,4281,26.71875,26.89453125
935,729,619,-49,0,-48,12042,10667,11.25,11.42578125
936,637,708,-32,0,72,11346,11696,23.5546875,23.73046875
937,626,731,-46,0,-65,13142,12128,11.77734375,11.953125
938,662,613,14,0,-151,3611,3473,29.1796875,29.35546875
939,489,503,12,0,-55,1341,2662,6.50390625,6.6796875
940,720,620,-60,0,13,6219,5297,8.61328125,8.7890625
941,655,469,6,0,159,2154,2698,23.90625,24.08203125
942,603,489,-6,0,-22,9106,9966,10.01953125,10.1953125
943,673,613,-17,0,-163,10549,9485,34.62890625,34.8046875
944,528,452,3,0,-161,6016,5600,26.71875,26.89453125
945,588,565,-22,0,-118,5267,4406,17.9296875,18.10546875
946,490,723,-6,0,106,10520,10606,26.54296875,26.71875
947,534,517,-40,0,-100,4655,5290,9.4921875,9.66796875
948,561,483,34,0,-31,8381,9584,11.77734375,11.953125
949,474,692,46,0,83,4898,3485,-1.0,0.703125
950,468,686,39,0,44,7770,8808,-1.0,0.703125
951,580,655,-49,0,2,2747,2610,2.98828125,3.1640625
952,465,718,-19,0,-164,6175,6597,29.1796875,29.35546875
953,532,721,-40,0,17,4190,4090,3.33984375,3.515625
954,502,673,-22,0,-53,4003,3368,4.04296875,4.21875
955,658,501,46,0,41,3140,2109,-1.0,0.703125
956,676,741,10,0,-150,8611,8415,36.5625,36.73828125
957,573,661,32,0,-152,2544,2134,27.94921875,28.125
958,671,474,-6,0,-73,4587,6089,11.953125,12.12890625
959,707,516,-46,0,18,5345,6369,9.140625,9.31640625
960,664,573,-43,0,146,12758,12489,32.51953125,32.6953125
961,581,599,-16,0,-102,2263,3699,10.8984375,11.07421875
962,460,567,-12,0,50,4729,4615,7.20703125,7.3828125
963,574,537,17,0,113,9921,9019,23.5546875,23.73046875
964,628,513,33,0,105,8867,7473,16.875,17.05078125
965,582,636,-21,0,33,9840,9116,10.546875,10.72265625
966,574,614,-45,0,98,4790,4715,23.5546875,23.73046875
967,497,630,53,0,-149,9891,10165,28.30078125,28.4765625
968,496,729,-37,0,127,6402,4957,30.05859375,30.234375
969,711,628,50,0,-22,8659,7399,11.07421875,11.25
970,579,714,-52,0,119,5114,4150,28.30078125,28.4765625
971,626,747,-28,0,82,8535,8416,23.37890625,23.5546875
972,665,507,-9,0,16,6325,5680,7.3828125,7.55859375
973,501,727,-11,0,-64,3107,3216,4.921875,5.09765625
974,716,734,0,0,99,7892,9197,24.609375,24.78515625
975,694,680,45,0,74,6194,6530,7.3828125,7.55859375
976,595,539,33,0,12,4565,5971,-1.0,0.703125
977,616,733,32,0,-106,4190,2963,25.6640625,25.83984375
978,725,531,20,0,-77,8860,7853,22.1484375,22.32421875
979,661,559,33,0,-78,12269,11072,25.48828125,25.6640625
980,516,631,41,0,-19,13482,14569,11.6015625,11.77734375
981,669,511,20,0,-172,8797,10271,31.81640625,31.9921875
982,510,743,31,0,-147,7196,7814,32.34375,32.51953125
983,723,675,-31,0,-76,13183,13001,18.10546875,18.28125
984,496,632,34,0,-145,12799,13870,31.9921875,32.16796875
985,586,679,17,0,149,8560,7646,30.76171875,30.9375
986,722,560,13,0,54,12140,10859,16.34765625,16.5234375
987,601,589,-41,0,1,3902,4053,4.04296875,4.21875
988,491,577,16,0,104,5382,6526,14.765625,14.94140625
989,649,497,4,0,-172,3647,2900,27.421875,27.59765625
990,601,610,51,0,-101,4462,4702,24.08203125,24.2578125
991,637,727,-41,0,94,3892,4231,23.5546875,23.73046875
992,549,560,3,0,-50,7478,8566,10.37109375,10.546875
993,592,496,-40,0,171,8264,6822,27.7734375,27.94921875
994,551,583,9,0,-175,6004,5615,30.05859375,30.234375
995,565,476,-29,0,-149,9173,10301,25.6640625,25.83984375
996,623,458,-3,0,137,3402,3144,23.02734375,23.203125
997,570,509,23,0,59,9546,11036,12.48046875,12.65625
998,531,505,13,0,132,3605,3782,19.86328125,20.0390625
999,687,694,-37,0,7,608,1224,-1.0,0.703125
